{
  "reportMetadata": {
    "generatedAt": "2025-01-27T00:00:00Z",
    "reportVersion": "1.0",
    "platform": "Cryptocurrency Trading and Signal Analysis Platform",
    "analysisScope": "Data Retrieval System, Routing, and API Integrations"
  },
  "executiveSummary": {
    "overview": "The platform implements a sophisticated multi-provider data retrieval system with automatic fallback mechanisms, health monitoring, and intelligent caching. The system integrates 38+ data sources across multiple categories including market data, news, sentiment, on-chain analytics, and exchange APIs.",
    "keyFindings": [
      "Multi-layered data architecture with primary and fallback providers",
      "Comprehensive health monitoring and circuit breaker patterns",
      "Intelligent caching with TTL-based invalidation",
      "Support for both direct API calls and proxy-based routing",
      "Real-time WebSocket connections for live data streaming",
      "Dynamic weighting system for provider selection"
    ],
    "criticalIssues": [
      "BinanceService is currently neutralized (returns dummy data)",
      "Some providers have missing or empty API keys",
      "Multiple overlapping services handling similar functionality",
      "Complex routing structure with potential for optimization"
    ]
  },
  "routingSystem": {
    "architecture": {
      "type": "Express.js REST API with WebSocket support",
      "basePath": "/api",
      "mainServerFile": "src/server.ts",
      "routingPattern": "Controller-based with direct route handlers"
    },
    "dataFlow": {
      "frontendToBackend": {
        "pattern": "REST API calls via /api/* endpoints",
        "websocketEndpoint": "/ws",
        "proxyRoutes": "/api/proxy/*",
        "dataSourceRoutes": "/api/config/data-source"
      },
      "backendToProviders": {
        "directCalls": [
          "CoinGecko API",
          "CoinMarketCap API",
          "CryptoCompare API",
          "Binance Public API",
          "KuCoin API"
        ],
        "proxyRoutes": [
          "/api/proxy/binance/*",
          "/api/proxy/coingecko/*",
          "/api/proxy/kraken/*",
          "/api/proxy/coincap/*"
        ],
        "serviceLayer": [
          "MultiProviderMarketDataService",
          "UnifiedDataService",
          "UnifiedProxyService",
          "ProviderManager"
        ]
      },
      "cachingLayer": {
        "implementation": "TTL-based caching with stale-while-revalidate",
        "cacheTypes": [
          "Market data cache (15 seconds TTL)",
          "OHLCV cache (2 minutes TTL)",
          "News cache (5 minutes TTL)",
          "Sentiment cache (5 minutes TTL)",
          "Health status cache (60 seconds TTL)"
        ],
        "cacheLocations": [
          "In-memory (TTLCache)",
          "Redis (optional)",
          "Local file system (fallback)"
        ]
      }
    },
    "keyRoutes": {
      "marketData": [
        "GET /api/market/prices",
        "GET /api/market/real-prices",
        "GET /api/market/coingecko-prices",
        "GET /api/market/cryptocompare-prices",
        "GET /api/market-data/:symbol",
        "GET /api/price/:symbol",
        "GET /api/ticker/:symbol"
      ],
      "historicalData": [
        "GET /api/market/historical",
        "GET /api/market/ohlcv",
        "GET /market/candlestick/:symbol"
      ],
      "dataSourceConfig": [
        "GET /api/config/data-source",
        "POST /api/config/data-source"
      ],
      "providerStatus": [
        "GET /api/providers/status",
        "GET /api/providers/categories",
        "GET /api/providers/:category"
      ],
      "proxyEndpoints": [
        "GET /api/proxy/binance/price",
        "GET /api/proxy/binance/klines",
        "GET /api/proxy/binance/ticker/24hr",
        "GET /api/proxy/coingecko/simple/price",
        "GET /api/proxy/coingecko/coins/markets",
        "GET /api/proxy/kraken/ticker",
        "GET /api/proxy/coincap/assets"
      ]
    }
  },
  "dataSources": {
    "primarySources": {
      "huggingface": {
        "enabled": true,
        "baseUrl": "https://api-inference.huggingface.co",
        "datasetsBaseUrl": "https://datasets-server.huggingface.co",
        "primaryModel": "ElKulako/cryptobert",
        "fallbackModel": "kk08/CryptoBERT",
        "datasets": {
          "BTC": "WinkingFace/CryptoLM-Bitcoin-BTC-USDT",
          "ETH": "WinkingFace/CryptoLM-Ethereum-ETH-USDT",
          "SOL": "WinkingFace/CryptoLM-Solana-SOL-USDT",
          "XRP": "WinkingFace/CryptoLM-Ripple-XRP-USDT",
          "DEFAULT": "linxy/CryptoCoin"
        },
        "accessMethod": "Direct API calls via HFOHLCVService and HFSentimentService",
        "status": "Active"
      },
      "coingecko": {
        "enabled": true,
        "baseUrl": "https://api.coingecko.com/api/v3",
        "apiKey": "Not required (free tier)",
        "rateLimit": "50 requests per minute",
        "priority": 1,
        "accessMethod": "Direct HTTP calls via MultiProviderMarketDataService",
        "proxyRoute": "/api/proxy/coingecko/*",
        "status": "Active",
        "useCase": "Primary market data source"
      },
      "coinmarketcap": {
        "enabled": true,
        "baseUrl": "https://pro-api.coinmarketcap.com/v1",
        "apiKeys": [
          "b54bcf4d-1bca-4e8e-9a24-22ff2c3d462c",
          "04cf4b5b-9868-465c-8ba0-9f2e78c92eb1"
        ],
        "rateLimit": "300 requests per minute (Basic tier)",
        "priority": 2,
        "accessMethod": "Direct HTTP calls with dual-key fallback",
        "status": "Active",
        "useCase": "Market cap and price data"
      },
      "cryptocompare": {
        "enabled": true,
        "baseUrl": "https://min-api.cryptocompare.com/data",
        "apiKey": "e79c8e6d4c5b4a3f2e1d0c9b8a7f6e5d4c3b2a1f",
        "rateLimit": "100 requests per minute",
        "priority": 4,
        "accessMethod": "Direct HTTP calls",
        "status": "Active",
        "useCase": "Price and market data fallback"
      }
    },
    "exchangeAPIs": {
      "binance": {
        "enabled": true,
        "baseUrl": "https://api.binance.com/api/v3",
        "testnetUrl": "https://testnet.binance.vision/api/v3",
        "apiKey": "Configurable via config/api.json",
        "secretKey": "Configurable via config/api.json",
        "testnetMode": true,
        "rateLimit": "1200 requests per minute",
        "accessMethod": "Direct HTTP calls and WebSocket",
        "proxyRoute": "/api/proxy/binance/*",
        "status": "NEUTRALIZED - Returns dummy data",
        "serviceFile": "src/services/BinanceService.ts",
        "issue": "Service has been neutralized and returns empty arrays/zero values",
        "useCase": "Market data and trading (currently disabled)"
      },
      "kucoin": {
        "enabled": true,
        "baseUrl": "https://api.kucoin.com",
        "testnetUrl": "https://api-sandbox.kucoin.com",
        "websocketUrl": "wss://ws-api-spot.kucoin.com",
        "testnetWebsocketUrl": "wss://ws-api-sandbox.kucoin.com",
        "apiKey": "Configurable via config/exchanges.json",
        "secretKey": "Configurable via config/exchanges.json",
        "passphrase": "Configurable via config/exchanges.json",
        "testnetMode": true,
        "rateLimit": "Variable based on account tier",
        "accessMethod": "Direct HTTP calls via KuCoinService",
        "status": "Active",
        "useCase": "Futures trading and market data",
        "tradingEnabled": true
      }
    },
    "additionalProviders": {
      "marketData": [
        {
          "name": "nomics",
          "enabled": true,
          "baseUrl": "https://api.nomics.com/v1",
          "apiKey": "Not configured",
          "rateLimit": "60 requests per minute",
          "priority": 5
        },
        {
          "name": "messari",
          "enabled": true,
          "baseUrl": "https://data.messari.io/api/v1",
          "apiKey": "Not configured",
          "rateLimit": "60 requests per minute",
          "priority": 6
        },
        {
          "name": "coincap",
          "enabled": true,
          "baseUrl": "https://api.coincap.io/v2",
          "apiKey": "Not required",
          "rateLimit": "200 requests per minute",
          "priority": "Fallback"
        },
        {
          "name": "coinpaprika",
          "enabled": true,
          "baseUrl": "https://api.coinpaprika.com/v1",
          "apiKey": "Not required",
          "rateLimit": "Variable",
          "priority": "Fallback"
        },
        {
          "name": "kraken",
          "enabled": true,
          "baseUrl": "https://api.kraken.com/0/public",
          "apiKey": "Not required for public endpoints",
          "rateLimit": "Variable",
          "priority": "Fallback",
          "proxyRoute": "/api/proxy/kraken/*"
        }
      ],
      "news": [
        {
          "name": "newsapi",
          "enabled": true,
          "baseUrl": "https://newsapi.org/v2",
          "apiKey": "pub_346789abc123def456789ghi012345jkl",
          "rateLimit": "100 requests per minute",
          "priority": 1
        },
        {
          "name": "cryptopanic",
          "enabled": true,
          "baseUrl": "https://cryptopanic.com/api/v1",
          "apiKey": "Not configured",
          "rateLimit": "60 requests per minute",
          "priority": 2
        },
        {
          "name": "cryptocontrol",
          "enabled": true,
          "baseUrl": "https://cryptocontrol.io/api/v1/public",
          "apiKey": "Not configured",
          "rateLimit": "50 requests per minute",
          "priority": 3
        }
      ],
      "sentiment": [
        {
          "name": "alternative_feargreed",
          "enabled": true,
          "baseUrl": "https://api.alternative.me/fng",
          "apiKey": "Not required",
          "rateLimit": "100 requests per minute",
          "priority": 1
        },
        {
          "name": "coingecko_community",
          "enabled": true,
          "baseUrl": "https://api.coingecko.com/api/v3",
          "apiKey": "Not required",
          "rateLimit": "50 requests per minute",
          "priority": 7
        },
        {
          "name": "reddit",
          "enabled": true,
          "baseUrl": "https://www.reddit.com",
          "apiKey": "Not required",
          "rateLimit": "60 requests per minute",
          "priority": 9
        }
      ],
      "blockchainExplorers": [
        {
          "name": "etherscan",
          "enabled": true,
          "baseUrl": "https://api.etherscan.io/api",
          "apiKey": "SZHYFZK2RR8H9TIMJBVW54V4H81K2Z2KR2",
          "chain": "ethereum",
          "rateLimit": "300 requests per minute",
          "priority": 1
        },
        {
          "name": "bscscan",
          "enabled": true,
          "baseUrl": "https://api.bscscan.com/api",
          "apiKey": "K62RKHGXTDCG53RU4MCG6XABIMJKTN19IT",
          "chain": "bsc",
          "rateLimit": "300 requests per minute",
          "priority": 1
        },
        {
          "name": "tronscan",
          "enabled": true,
          "baseUrl": "https://api.tronscan.org/api",
          "apiKey": "7ae72726-bffe-4e74-9c33-97b761eeea21",
          "chain": "tron",
          "rateLimit": "100 requests per minute",
          "priority": 1
        }
      ]
    }
  },
  "apiIntegrations": {
    "integrationPattern": "Multi-layered with automatic fallback",
    "primaryIntegrationServices": [
      {
        "service": "MultiProviderMarketDataService",
        "purpose": "Aggregates market data from multiple providers",
        "providers": ["CoinGecko", "CoinMarketCap", "CryptoCompare", "Binance", "CoinCap"],
        "features": [
          "Rate limiting per provider",
          "TTL-based caching",
          "Automatic fallback",
          "Symbol mapping"
        ]
      },
      {
        "service": "UnifiedDataService",
        "purpose": "Unified interface for all data categories",
        "categories": ["Market Data", "News", "Sentiment", "Whale Tracking"],
        "features": [
          "Load balancing",
          "Health monitoring",
          "Intelligent failover"
        ]
      },
      {
        "service": "ProviderManager",
        "purpose": "Manages provider health and fallback execution",
        "features": [
          "Category-based provider organization",
          "Priority-based selection",
          "Health monitoring integration",
          "Automatic retry with backoff"
        ]
      },
      {
        "service": "UnifiedProxyService",
        "purpose": "CORS proxy and request caching",
        "endpoints": [
          "/api/proxy/binance/*",
          "/api/proxy/coingecko/*",
          "/api/proxy/kraken/*",
          "/api/proxy/coincap/*"
        ],
        "features": [
          "CORS resolution",
          "Rate limiting",
          "Intelligent caching",
          "Error handling"
        ]
      }
    ],
    "authentication": {
      "method": "API key-based with environment variable fallback",
      "keyResolution": [
        "Environment variables (process.env.*)",
        "Config files (config/api.json, config/providers_config.json)",
        "GitHub fallback file (api - Copy.txt)",
        "Hardcoded defaults (for some providers)"
      ],
      "security": {
        "apiKeyStorage": "Environment variables and config files",
        "encryption": "Not implemented (keys stored in plain text)",
        "rotation": "Manual process"
      }
    },
    "rateLimiting": {
      "implementation": "Token bucket algorithm per provider",
      "configurations": {
        "coingecko": "50 requests per minute",
        "coinmarketcap": "300 requests per minute (Basic tier)",
        "cryptocompare": "100 requests per minute",
        "binance": "1200 requests per minute",
        "nomics": "60 requests per minute",
        "messari": "60 requests per minute"
      },
      "enforcement": "Per-service rate limiters with request queuing"
    }
  },
  "dataSourceConfigurations": {
    "configurationFiles": [
      {
        "file": "config/api.json",
        "purpose": "Main API configuration",
        "sections": [
          "binance",
          "telegram",
          "database",
          "redis",
          "exchange",
          "marketData",
          "analysis",
          "apis",
          "apiPriority",
          "cache",
          "dynamicWeighting"
        ]
      },
      {
        "file": "config/exchanges.json",
        "purpose": "Exchange-specific configurations",
        "exchanges": ["kucoin"]
      },
      {
        "file": "config/providers_config.json",
        "purpose": "Comprehensive provider configuration",
        "categories": [
          "market",
          "news",
          "sentiment",
          "whales",
          "onchain",
          "explorer",
          "community"
        ],
        "totalProviders": 38
      }
    ],
    "runtimeConfiguration": {
      "dataSourceType": "Configurable via /api/config/data-source",
      "availableSources": ["huggingface", "binance", "kucoin", "mixed"],
      "primarySource": "Configurable (default: huggingface)",
      "fallbackStrategy": "Priority-based with health monitoring"
    },
    "environmentVariables": {
      "dataSource": [
        "PRIMARY_DATA_SOURCE",
        "HF_ENGINE_BASE_URL",
        "HF_ENGINE_ENABLED",
        "HF_ENGINE_TIMEOUT",
        "BINANCE_ENABLED",
        "KUCOIN_ENABLED"
      ],
      "apiKeys": [
        "BINANCE_API_KEY",
        "BINANCE_SECRET_KEY",
        "KUCOIN_API_KEY",
        "KUCOIN_SECRET_KEY",
        "KUCOIN_PASSPHRASE"
      ]
    }
  },
  "dataAggregation": {
    "aggregationProcesses": [
      {
        "process": "Multi-Provider Price Aggregation",
        "service": "MultiProviderMarketDataService",
        "method": "Try primary provider, fallback to secondary providers",
        "output": "Unified PriceData object",
        "caching": "15 seconds TTL"
      },
      {
        "process": "OHLCV Data Aggregation",
        "service": "MultiProviderMarketDataService",
        "method": "Fetch from multiple sources, merge by timestamp",
        "output": "OHLCVData array",
        "caching": "2 minutes TTL"
      },
      {
        "process": "News Aggregation",
        "service": "UnifiedNewsService",
        "method": "Collect from multiple news providers, deduplicate",
        "output": "Unified news items array",
        "caching": "5 minutes TTL"
      },
      {
        "process": "Sentiment Aggregation",
        "service": "SentimentAnalysisService",
        "method": "Combine Fear & Greed Index, social media, news sentiment",
        "output": "Unified sentiment score (-100 to +100)",
        "caching": "5 minutes TTL"
      },
      {
        "process": "Dynamic Weighting",
        "service": "DynamicWeightingService",
        "method": "Calculate provider weights based on accuracy, freshness, quality, volatility",
        "updateInterval": "5 minutes",
        "output": "Weighted provider scores"
      }
    ],
    "fallbackMechanisms": {
      "primaryFallback": "ProviderManager with DataFallbackManager",
      "fallbackOrder": [
        "Local cache",
        "GitHub file fallback",
        "Primary provider",
        "Secondary providers (by priority)",
        "Emergency fallback service"
      ],
      "circuitBreaker": {
        "enabled": true,
        "maxFailures": 3,
        "cooldownSeconds": 60,
        "halfOpenAfterSeconds": 30
      }
    },
    "healthMonitoring": {
      "service": "ProviderHealthMonitor",
      "checkInterval": "60 seconds",
      "endpoint": "/api/providers/status",
      "timeout": "2000ms",
      "metrics": [
        "Response time",
        "Success rate",
        "Error rate",
        "Availability"
      ]
    }
  },
  "issuesAndInefficiencies": {
    "criticalIssues": [
      {
        "issue": "BinanceService Neutralized",
        "severity": "High",
        "description": "BinanceService has been neutralized and returns dummy data (empty arrays, zero values)",
        "location": "src/services/BinanceService.ts",
        "impact": "Binance integration is non-functional, all methods return safe defaults",
        "recommendation": "Restore BinanceService functionality or remove it if not needed"
      },
      {
        "issue": "Missing API Keys",
        "severity": "Medium",
        "description": "Several providers have empty or missing API keys",
        "affectedProviders": [
          "nomics",
          "messari",
          "cryptopanic",
          "cryptocontrol",
          "santiment",
          "lunarcrush"
        ],
        "impact": "These providers may not function correctly or may hit rate limits faster",
        "recommendation": "Configure API keys or disable unused providers"
      },
      {
        "issue": "Service Overlap",
        "severity": "Medium",
        "description": "Multiple services handle similar functionality",
        "examples": [
          "MultiProviderMarketDataService vs UnifiedDataService",
          "RealMarketDataService vs EnhancedMarketDataService",
          "Multiple sentiment analysis services"
        ],
        "impact": "Code duplication, maintenance burden, potential inconsistencies",
        "recommendation": "Consolidate overlapping services"
      }
    ],
    "performanceIssues": [
      {
        "issue": "Cache TTL Inconsistency",
        "severity": "Low",
        "description": "Different cache TTLs across services for similar data",
        "examples": [
          "Market data: 15 seconds (MultiProviderMarketDataService)",
          "Market data: 5 seconds (UnifiedDataService)",
          "Price cache: 3 seconds (server.ts)"
        ],
        "impact": "Potential cache misses and unnecessary API calls",
        "recommendation": "Standardize cache TTLs per data type"
      },
      {
        "issue": "Multiple HTTP Clients",
        "severity": "Low",
        "description": "Each service creates its own Axios instance",
        "impact": "Increased memory usage, no connection pooling benefits",
        "recommendation": "Consider shared HTTP client instances with connection pooling"
      },
      {
        "issue": "No Request Batching",
        "severity": "Low",
        "description": "Individual requests for multiple symbols",
        "impact": "Higher API call count, slower response times",
        "recommendation": "Implement request batching for multi-symbol queries"
      }
    ],
    "architecturalIssues": [
      {
        "issue": "Complex Routing Structure",
        "severity": "Medium",
        "description": "Many overlapping routes for similar functionality",
        "examples": [
          "/api/market/prices",
          "/api/market/real-prices",
          "/api/market/coingecko-prices",
          "/api/market/cryptocompare-prices",
          "/api/price/:symbol",
          "/api/ticker/:symbol"
        ],
        "impact": "Confusion about which endpoint to use, maintenance difficulty",
        "recommendation": "Consolidate routes and create clear API versioning"
      },
      {
        "issue": "Inconsistent Error Handling",
        "severity": "Medium",
        "description": "Different error handling patterns across services",
        "impact": "Inconsistent user experience, difficult debugging",
        "recommendation": "Standardize error handling with centralized error middleware"
      },
      {
        "issue": "No API Versioning",
        "severity": "Low",
        "description": "All routes are unversioned",
        "impact": "Breaking changes affect all clients",
        "recommendation": "Implement API versioning (e.g., /api/v1/*)"
      }
    ]
  },
  "optimizationSuggestions": {
    "immediateActions": [
      {
        "action": "Restore or Remove BinanceService",
        "priority": "High",
        "description": "Either restore BinanceService functionality or remove it completely if not needed",
        "effort": "Medium"
      },
      {
        "action": "Configure Missing API Keys",
        "priority": "Medium",
        "description": "Add API keys for enabled providers or disable providers without keys",
        "effort": "Low"
      },
      {
        "action": "Standardize Cache TTLs",
        "priority": "Medium",
        "description": "Create a centralized cache configuration with standardized TTLs per data type",
        "effort": "Low"
      },
      {
        "action": "Consolidate Overlapping Services",
        "priority": "Medium",
        "description": "Review and merge services with duplicate functionality",
        "effort": "High"
      }
    ],
    "performanceOptimizations": [
      {
        "optimization": "Implement Request Batching",
        "benefit": "Reduce API calls by batching multiple symbol requests",
        "implementation": "Add batch endpoints like /api/market/prices/batch",
        "effort": "Medium"
      },
      {
        "optimization": "Shared HTTP Client Pool",
        "benefit": "Reduce memory usage and improve connection reuse",
        "implementation": "Create a singleton HTTP client factory",
        "effort": "Low"
      },
      {
        "optimization": "Implement Response Compression",
        "benefit": "Reduce bandwidth usage for large responses",
        "implementation": "Add compression middleware (gzip/brotli)",
        "effort": "Low"
      },
      {
        "optimization": "Database Caching Layer",
        "benefit": "Persist frequently accessed data to reduce API calls",
        "implementation": "Use Redis or database for long-term caching",
        "effort": "Medium"
      }
    ],
    "architecturalImprovements": [
      {
        "improvement": "API Versioning",
        "description": "Implement /api/v1/*, /api/v2/* structure",
        "benefit": "Allow breaking changes without affecting existing clients",
        "effort": "Medium"
      },
      {
        "improvement": "Centralized Error Handling",
        "description": "Create unified error response format and middleware",
        "benefit": "Consistent error responses, easier debugging",
        "effort": "Low"
      },
      {
        "improvement": "Route Consolidation",
        "description": "Merge overlapping routes, create clear endpoint hierarchy",
        "benefit": "Simpler API surface, easier maintenance",
        "effort": "Medium"
      },
      {
        "improvement": "GraphQL API Layer",
        "description": "Add GraphQL endpoint for flexible data queries",
        "benefit": "Reduce over-fetching, allow clients to request exactly what they need",
        "effort": "High"
      },
      {
        "improvement": "API Documentation",
        "description": "Generate OpenAPI/Swagger documentation",
        "benefit": "Better developer experience, easier integration",
        "effort": "Medium"
      }
    ],
    "monitoringAndObservability": [
      {
        "improvement": "Enhanced Metrics",
        "description": "Add detailed metrics for API calls, cache hits, provider performance",
        "benefit": "Better visibility into system performance",
        "effort": "Medium"
      },
      {
        "improvement": "Distributed Tracing",
        "description": "Implement request tracing across services",
        "benefit": "Easier debugging of complex request flows",
        "effort": "High"
      },
      {
        "improvement": "Alerting System",
        "description": "Set up alerts for provider failures, rate limit breaches",
        "benefit": "Proactive issue detection",
        "effort": "Medium"
      }
    ]
  },
  "deploymentAndTesting": {
    "ciCdCommands": {
      "validation": [
        "npm run validate-api-keys",
        "npm run test:integration",
        "npm run lint"
      ],
      "testing": [
        "npm test",
        "npm run test:unit",
        "npm run test:integration",
        "npm run test:e2e"
      ],
      "deployment": [
        "npm run build",
        "npm run deploy:production"
      ]
    },
    "recommendedScripts": {
      "validateDataSources": {
        "command": "node scripts/validate-data-sources.js",
        "purpose": "Validate all configured data sources and API keys",
        "output": "Validation report with status of each provider"
      },
      "testDataRetrieval": {
        "command": "node scripts/test-data-retrieval.js",
        "purpose": "Test data retrieval from all active providers",
        "output": "Performance metrics and success rates"
      },
      "healthCheck": {
        "command": "curl http://localhost:8000/api/providers/status",
        "purpose": "Check health status of all providers",
        "output": "JSON with provider health status"
      },
      "cacheStats": {
        "command": "curl http://localhost:8000/api/system/cache/stats",
        "purpose": "View cache statistics",
        "output": "Cache hit/miss rates and sizes"
      }
    },
    "environmentSetup": {
      "requiredEnvVars": [
        "PRIMARY_DATA_SOURCE",
        "HF_ENGINE_BASE_URL",
        "HF_ENGINE_ENABLED",
        "BINANCE_API_KEY (optional)",
        "BINANCE_SECRET_KEY (optional)",
        "KUCOIN_API_KEY (optional)",
        "KUCOIN_SECRET_KEY (optional)",
        "KUCOIN_PASSPHRASE (optional)"
      ],
      "optionalEnvVars": [
        "REDIS_HOST",
        "REDIS_PORT",
        "HTTP_PROXY",
        "HTTPS_PROXY"
      ]
    }
  },
  "conclusion": {
    "summary": "The platform has a robust multi-provider data retrieval system with comprehensive fallback mechanisms and health monitoring. However, there are several areas for improvement including service consolidation, API key configuration, and performance optimizations.",
    "priorityActions": [
      "Address BinanceService neutralization",
      "Configure missing API keys or disable unused providers",
      "Standardize caching strategies",
      "Consolidate overlapping services",
      "Implement API versioning"
    ],
    "overallAssessment": "The system is production-ready but would benefit from the suggested optimizations to improve maintainability, performance, and developer experience."
  }
}
