{
  "audit": {
    "date": "2025-12-03",
    "action": "Hardcoded API Key Removal",
    "status": "COMPLETED",
    "severity": "CRITICAL"
  },
  "removedSecrets": {
    "env": {
      "file": "env",
      "keysRemoved": [
        {
          "type": "HuggingFace Token",
          "variable": "HF_TOKEN",
          "pattern": "hf_*",
          "status": "REMOVED - Replaced with placeholder"
        },
        {
          "type": "HuggingFace Token",
          "variable": "HUGGINGFACE_API_KEY",
          "pattern": "hf_*",
          "status": "REMOVED - Replaced with placeholder"
        },
        {
          "type": "TronScan API Key",
          "variable": "TronScan",
          "pattern": "UUID format",
          "status": "REMOVED - Replaced with placeholder"
        },
        {
          "type": "BscScan API Key",
          "variable": "BscScan",
          "pattern": "Alphanumeric",
          "status": "REMOVED - Replaced with placeholder"
        },
        {
          "type": "Etherscan API Key",
          "variable": "Etherscan",
          "pattern": "Alphanumeric",
          "status": "REMOVED - Replaced with placeholder"
        },
        {
          "type": "Etherscan API Key (backup)",
          "variable": "Etherscan_2",
          "pattern": "Alphanumeric",
          "status": "REMOVED - Replaced with placeholder"
        },
        {
          "type": "NewsAPI Key",
          "variable": "NEWS_API_KEY",
          "pattern": "From comment line",
          "status": "REMOVED - Replaced with placeholder"
        },
        {
          "type": "CoinMarketCap API Key",
          "variable": "CMC_API_KEY",
          "pattern": "UUID format",
          "status": "REMOVED - Replaced with placeholder"
        }
      ]
    },
    "env.real": {
      "file": "env.real",
      "keysRemoved": [
        {
          "type": "HuggingFace Token",
          "variable": "HF_TOKEN",
          "pattern": "hf_*",
          "status": "REMOVED - Replaced with placeholder"
        },
        {
          "type": "HuggingFace Token",
          "variable": "HUGGINGFACE_API_KEY",
          "pattern": "hf_*",
          "status": "REMOVED - Replaced with placeholder"
        }
      ]
    },
    "env.mock": {
      "file": "env.mock",
      "keysRemoved": [
        {
          "type": "HuggingFace Token",
          "variable": "HF_TOKEN",
          "pattern": "hf_*",
          "status": "REMOVED - Replaced with placeholder"
        },
        {
          "type": "HuggingFace Token",
          "variable": "HUGGINGFACE_API_KEY",
          "pattern": "hf_*",
          "status": "REMOVED - Replaced with placeholder"
        }
      ]
    },
    "env.production": {
      "file": "env.production",
      "status": "Already using placeholders - Added FRONTEND_ORIGIN"
    },
    "env.staging": {
      "file": "env.staging",
      "status": "Already using placeholders - Added FRONTEND_ORIGIN"
    }
  },
  "securityImprovements": [
    {
      "change": "Added FRONTEND_ORIGIN variable",
      "files": ["env", "env.real", "env.mock", "env.staging", "env.production"],
      "purpose": "Enable strict CORS configuration",
      "security": "Prevents unauthorized cross-origin requests"
    },
    {
      "change": "Added SESSION_SECRET variable",
      "files": ["env", "env.example"],
      "purpose": "Enable secure session management",
      "security": "Required for HTTP-only session cookies"
    },
    {
      "change": "Added security warnings in env files",
      "files": ["env"],
      "purpose": "Remind developers not to commit secrets",
      "security": "Human error prevention"
    }
  ],
  "nextActions": [
    "Verify all env files are in .gitignore",
    "Rotate all exposed API keys immediately",
    "Configure secrets manager for production deployment",
    "Update CI/CD to inject secrets from vault",
    "Enable git pre-commit hooks to scan for secrets"
  ],
  "recommendations": {
    "immediate": [
      "Rotate all API keys that were committed to git history",
      "Use git-filter-repo or BFG to remove secrets from git history",
      "Enable GitHub secret scanning alerts"
    ],
    "production": [
      "Use AWS Secrets Manager, Azure Key Vault, or HashiCorp Vault",
      "Enable secret rotation policies",
      "Implement least-privilege IAM for secret access",
      "Monitor secret access with audit logs"
    ],
    "development": [
      "Use git-secrets or detect-secrets pre-commit hooks",
      "Never use production keys in development",
      "Use separate API keys per environment",
      "Store personal dev keys in local env files only"
    ]
  }
}

