{
  "version": "1.0.0",
  "lastUpdated": "2025-12-03",
  "security": {
    "environmentVariables": {
      "status": "SECURE",
      "description": "All API keys moved to environment variables",
      "template": "env.example",
      "excluded": [
        "env",
        "env.real",
        "env.mock",
        "env.staging",
        "env.production",
        ".env",
        ".env.*"
      ]
    },
    "cors": {
      "status": "NEEDS_FIXING",
      "current": "Allows all origins in production",
      "required": "Must specify explicit trusted origins",
      "location": "src/server.ts:320-342"
    },
    "csp": {
      "status": "DISABLED",
      "current": "contentSecurityPolicy: false",
      "required": "Enable with WebSocket-compatible policy",
      "location": "src/server.ts:314-317"
    },
    "rateLimiting": {
      "status": "NOT_IMPLEMENTED",
      "required": "Add express-rate-limit to all public endpoints",
      "package": "express-rate-limit (already installed)"
    },
    "authentication": {
      "status": "NOT_IMPLEMENTED",
      "required": "Add JWT or session-based auth for protected endpoints"
    },
    "errorHandling": {
      "status": "NEEDS_REVIEW",
      "required": "Ensure all endpoints return JSON errors, not HTML"
    },
    "inputValidation": {
      "status": "NOT_IMPLEMENTED",
      "required": "Add validation middleware for user inputs"
    }
  },
  "nextSteps": [
    "Remove hardcoded secrets from env file",
    "Restrict CORS to specific origins",
    "Enable CSP with WebSocket support",
    "Add rate limiting",
    "Implement global JSON error handler",
    "Add input validation",
    "Add authentication/authorization"
  ]
}

